drawing,Planning communication,5,2014-02-26
brief document,Tender letter,6,2014-03-23
drawing,Tender letter,1,2014-03-17
official letter,Localization issues,5,2014-02-25
minutes,Planning communication,5,2014-01-20
official letter,Localization issues,1,2014-01-03
official letter,Localization issues,6,2014-02-20
minutes,Localization issues,4,2014-03-23
cover letter,Contract negotiations,3,2014-03-20
cover letter,Negotiations,4,2014-03-23
minutes,Planning communication,5,2014-03-07
cover letter,Localization issues,6,2014-01-04
minutes,Planning communication,4,2014-02-14
minutes,Tender letter,3,2014-03-28
cover letter,Contract negotiations,4,2014-03-16
brief document,Commencement notice,4,2014-01-05
cover letter,Planning communication,4,2014-03-08
brief document,Contract negotiations,6,2014-02-19
minutes,Contract negotiations,3,2014-02-26
drawing,Contract negotiations,3,2014-02-25
cover letter,Planning communication,6,2014-01-01
cover letter,Localization issues,4,2014-03-01
official letter,Contract negotiations,3,2014-01-14
drawing,Negotiations,4,2014-02-03
brief document,Commencement notice,2,2014-02-25
official letter,Negotiations,3,2014-01-07
brief document,Planning communication,5,2014-01-14
drawing,Tender letter,4,2014-03-07
cover letter,Localization issues,5,2014-01-19
cover letter,Tender letter,3,2014-03-11
official letter,Contract negotiations,3,2014-03-21
cover letter,Tender letter,2,2014-01-04
official letter,Planning communication,5,2014-01-06
minutes,Planning communication,2,2014-01-07
brief document,Negotiations,6,2014-01-05
minutes,Negotiations,5,2014-02-26
cover letter,Commencement notice,6,2014-01-25
cover letter,Negotiations,4,2014-01-09
official letter,Tender letter,4,2014-02-27
cover letter,Planning communication,5,2014-02-22
minutes,Negotiations,1,2014-02-07
brief document,Localization issues,2,2014-03-11
cover letter,Negotiations,3,2014-03-07
minutes,Contract negotiations,6,2014-01-23
minutes,Contract negotiations,3,2014-01-14
official letter,Planning communication,1,2014-03-14
brief document,Tender letter,4,2014-03-18
minutes,Contract negotiations,3,2014-02-20
drawing,Contract negotiations,1,2014-01-21
brief document,Tender letter,5,2014-02-22
brief document,Negotiations,2,2014-03-21
minutes,Negotiations,4,2014-03-18
brief document,Commencement notice,1,2014-01-22
minutes,Tender letter,3,2014-01-04
official letter,Planning communication,3,2014-03-16
cover letter,Contract negotiations,4,2014-01-03
minutes,Tender letter,2,2014-02-08
official letter,Tender letter,2,2014-03-04
cover letter,Negotiations,5,2014-01-01
brief document,Commencement notice,5,2014-03-18
cover letter,Tender letter,6,2014-02-02
brief document,Tender letter,1,2014-02-18
cover letter,Localization issues,4,2014-01-12
minutes,Commencement notice,1,2014-03-12
brief document,Localization issues,1,2014-01-26
drawing,Tender letter,6,2014-02-13
brief document,Commencement notice,3,2014-03-26
minutes,Commencement notice,3,2014-02-05
minutes,Negotiations,4,2014-02-07
drawing,Localization issues,6,2014-02-09
brief document,Planning communication,6,2014-01-28
brief document,Negotiations,6,2014-03-04
drawing,Contract negotiations,3,2014-01-16
brief document,Localization issues,3,2014-02-20
brief document,Tender letter,4,2014-01-07
cover letter,Commencement notice,2,2014-03-16
official letter,Negotiations,3,2014-01-25
brief document,Commencement notice,1,2014-03-20
minutes,Planning communication,2,2014-03-03
drawing,Contract negotiations,3,2014-01-02
minutes,Localization issues,5,2014-03-16
brief document,Contract negotiations,2,2014-01-06
cover letter,Commencement notice,6,2014-03-15
drawing,Contract negotiations,3,2014-02-06
minutes,Commencement notice,4,2014-02-08
drawing,Planning communication,5,2014-02-24
official letter,Contract negotiations,1,2014-03-01
minutes,Negotiations,5,2014-02-26
drawing,Contract negotiations,3,2014-03-22
official letter,Commencement notice,1,2014-01-11
minutes,Commencement notice,6,2014-03-07
cover letter,Localization issues,3,2014-03-29
official letter,Localization issues,3,2014-01-06
official letter,Tender letter,4,2014-01-07
drawing,Contract negotiations,3,2014-01-04
brief document,Tender letter,6,2014-02-09
brief document,Commencement notice,2,2014-01-12
drawing,Localization issues,2,2014-01-25
minutes,Commencement notice,4,2014-01-10
drawing,Contract negotiations,3,2014-02-20
official letter,Negotiations,3,2014-01-05
drawing,Tender letter,5,2014-02-27
cover letter,Negotiations,6,2014-01-29
minutes,Commencement notice,4,2014-03-15
cover letter,Contract negotiations,3,2014-01-04
official letter,Contract negotiations,4,2014-02-12
official letter,Planning communication,1,2014-03-24
minutes,Commencement notice,4,2014-02-25
cover letter,Negotiations,3,2014-02-16
minutes,Tender letter,5,2014-02-22
brief document,Commencement notice,1,2014-03-27
cover letter,Contract negotiations,5,2014-01-28
cover letter,Tender letter,1,2014-03-02
cover letter,Negotiations,6,2014-02-08
brief document,Negotiations,4,2014-03-06
drawing,Commencement notice,5,2014-03-26
cover letter,Tender letter,2,2014-03-09
brief document,Negotiations,3,2014-02-21
minutes,Negotiations,3,2014-01-06
brief document,Negotiations,1,2014-03-30
official letter,Negotiations,6,2014-03-25
minutes,Negotiations,2,2014-03-27
drawing,Tender letter,1,2014-01-26
minutes,Tender letter,3,2014-01-17
minutes,Negotiations,3,2014-02-18
brief document,Contract negotiations,2,2014-01-30
brief document,Planning communication,3,2014-03-02
official letter,Planning communication,6,2014-01-03
minutes,Commencement notice,6,2014-03-06
official letter,Contract negotiations,1,2014-02-06
minutes,Commencement notice,2,2014-01-26
minutes,Localization issues,1,2014-03-17
cover letter,Contract negotiations,2,2014-02-03
official letter,Tender letter,2,2014-03-21
drawing,Planning communication,1,2014-01-01
brief document,Contract negotiations,1,2014-03-03
official letter,Tender letter,2,2014-02-14
drawing,Planning communication,2,2014-03-13
minutes,Planning communication,6,2014-01-24
minutes,Tender letter,3,2014-03-05
cover letter,Planning communication,2,2014-01-10
cover letter,Localization issues,3,2014-01-14
brief document,Localization issues,1,2014-02-02
minutes,Commencement notice,4,2014-01-02
minutes,Commencement notice,6,2014-03-15
drawing,Localization issues,2,2014-02-24
drawing,Tender letter,4,2014-02-11
drawing,Tender letter,4,2014-03-01
brief document,Negotiations,2,2014-01-12
minutes,Negotiations,4,2014-01-24
minutes,Contract negotiations,1,2014-01-13
cover letter,Planning communication,4,2014-01-24
official letter,Tender letter,6,2014-03-27
drawing,Negotiations,1,2014-01-27
drawing,Negotiations,4,2014-03-10
cover letter,Negotiations,3,2014-01-20
drawing,Localization issues,6,2014-01-13
drawing,Planning communication,5,2014-02-02
official letter,Contract negotiations,5,2014-03-05
drawing,Localization issues,5,2014-03-24
official letter,Commencement notice,1,2014-01-15
cover letter,Commencement notice,2,2014-03-05
official letter,Planning communication,4,2014-03-10
cover letter,Negotiations,2,2014-01-09
cover letter,Planning communication,2,2014-01-14
drawing,Negotiations,1,2014-02-22
brief document,Negotiations,5,2014-01-10
brief document,Negotiations,2,2014-01-11
brief document,Tender letter,1,2014-03-14
brief document,Contract negotiations,4,2014-03-27
brief document,Tender letter,2,2014-03-20
drawing,Localization issues,3,2014-03-03
cover letter,Contract negotiations,1,2014-03-04
brief document,Contract negotiations,2,2014-03-28
cover letter,Negotiations,2,2014-03-17
brief document,Negotiations,4,2014-02-21
official letter,Contract negotiations,1,2014-01-20
official letter,Tender letter,3,2014-02-21
cover letter,Localization issues,5,2014-01-04
official letter,Planning communication,2,2014-01-23
minutes,Negotiations,3,2014-01-17
minutes,Commencement notice,2,2014-01-30
minutes,Commencement notice,3,2014-03-13
brief document,Localization issues,2,2014-02-26
official letter,Negotiations,5,2014-01-08
official letter,Tender letter,6,2014-02-26
minutes,Commencement notice,6,2014-02-03
official letter,Contract negotiations,6,2014-01-07
cover letter,Negotiations,4,2014-02-06
cover letter,Commencement notice,2,2014-01-16
minutes,Tender letter,2,2014-03-22
cover letter,Planning communication,4,2014-03-15
official letter,Localization issues,1,2014-03-24
minutes,Planning communication,6,2014-02-28
drawing,Localization issues,2,2014-01-27
brief document,Localization issues,6,2014-02-21
cover letter,Tender letter,2,2014-02-06
minutes,Localization issues,3,2014-02-14
brief document,Commencement notice,5,2014-02-24
official letter,Negotiations,1,2014-03-05
minutes,Contract negotiations,5,2014-01-09
minutes,Commencement notice,1,2014-02-26
minutes,Commencement notice,4,2014-01-05
minutes,Tender letter,3,2014-01-02
cover letter,Contract negotiations,6,2014-03-28
official letter,Localization issues,5,2014-02-06
drawing,Tender letter,5,2014-01-19
cover letter,Negotiations,2,2014-01-05
brief document,Localization issues,5,2014-03-07
official letter,Negotiations,6,2014-02-27
brief document,Commencement notice,2,2014-02-15
cover letter,Localization issues,2,2014-01-16
cover letter,Planning communication,6,2014-03-20
minutes,Tender letter,6,2014-03-04
cover letter,Negotiations,1,2014-03-16
official letter,Tender letter,3,2014-01-30
official letter,Planning communication,2,2014-02-20
cover letter,Planning communication,5,2014-02-02
minutes,Planning communication,4,2014-02-01
cover letter,Tender letter,5,2014-02-26
brief document,Localization issues,4,2014-01-30
cover letter,Contract negotiations,3,2014-01-03
official letter,Contract negotiations,5,2014-03-15
cover letter,Localization issues,4,2014-03-05
drawing,Localization issues,6,2014-01-26
official letter,Negotiations,4,2014-03-20
minutes,Negotiations,4,2014-01-16
cover letter,Planning communication,6,2014-02-06
official letter,Negotiations,4,2014-02-21
minutes,Negotiations,5,2014-02-23
official letter,Planning communication,1,2014-02-28
brief document,Commencement notice,3,2014-02-23
minutes,Contract negotiations,2,2014-02-21
brief document,Tender letter,2,2014-01-11
brief document,Planning communication,1,2014-01-17
drawing,Contract negotiations,6,2014-03-08
official letter,Contract negotiations,1,2014-02-10
minutes,Contract negotiations,1,2014-03-18
drawing,Planning communication,1,2014-01-10
official letter,Contract negotiations,3,2014-02-12
official letter,Negotiations,1,2014-02-28
official letter,Tender letter,5,2014-02-18
official letter,Tender letter,1,2014-02-06
cover letter,Localization issues,2,2014-01-18
minutes,Localization issues,1,2014-01-13
drawing,Negotiations,5,2014-02-14
drawing,Negotiations,5,2014-02-28
minutes,Contract negotiations,4,2014-01-26
cover letter,Contract negotiations,2,2014-02-02
cover letter,Contract negotiations,2,2014-01-07
official letter,Planning communication,4,2014-03-06
cover letter,Planning communication,3,2014-02-01
minutes,Contract negotiations,1,2014-02-06
official letter,Negotiations,2,2014-01-19
brief document,Tender letter,6,2014-02-20
minutes,Localization issues,5,2014-02-20
drawing,Contract negotiations,2,2014-01-07
brief document,Tender letter,4,2014-02-06
official letter,Commencement notice,3,2014-01-19
official letter,Tender letter,3,2014-03-08
minutes,Negotiations,6,2014-02-08
minutes,Tender letter,3,2014-01-18
brief document,Planning communication,4,2014-03-14
drawing,Tender letter,4,2014-01-29
drawing,Contract negotiations,4,2014-01-10
brief document,Planning communication,6,2014-03-23
minutes,Tender letter,6,2014-01-16
minutes,Contract negotiations,2,2014-02-11
cover letter,Tender letter,6,2014-01-27
brief document,Tender letter,3,2014-02-03
cover letter,Commencement notice,5,2014-02-03
official letter,Contract negotiations,3,2014-02-14
brief document,Tender letter,4,2014-02-25
brief document,Localization issues,1,2014-03-27
drawing,Localization issues,2,2014-03-15
official letter,Tender letter,6,2014-01-29
cover letter,Commencement notice,2,2014-03-02
brief document,Commencement notice,6,2014-02-24
minutes,Commencement notice,2,2014-02-06
official letter,Tender letter,4,2014-01-02
brief document,Commencement notice,1,2014-03-06
drawing,Commencement notice,1,2014-01-28
minutes,Negotiations,1,2014-03-05
minutes,Commencement notice,6,2014-03-17
cover letter,Negotiations,4,2014-02-19
minutes,Contract negotiations,2,2014-03-19
official letter,Tender letter,6,2014-01-23
cover letter,Negotiations,6,2014-02-14
drawing,Commencement notice,5,2014-01-13
drawing,Negotiations,3,2014-01-27
brief document,Commencement notice,4,2014-01-02
cover letter,Tender letter,5,2014-02-08
drawing,Planning communication,5,2014-02-12
cover letter,Planning communication,3,2014-01-18
minutes,Commencement notice,3,2014-02-10
cover letter,Planning communication,3,2014-01-06
official letter,Planning communication,5,2014-02-20
official letter,Commencement notice,4,2014-03-30
drawing,Planning communication,5,2014-02-26
brief document,Tender letter,6,2014-03-23
drawing,Tender letter,1,2014-03-17
official letter,Localization issues,5,2014-02-25
minutes,Planning communication,5,2014-01-20
official letter,Localization issues,1,2014-01-03
official letter,Localization issues,6,2014-02-20
minutes,Localization issues,4,2014-03-23
cover letter,Contract negotiations,3,2014-03-20
cover letter,Negotiations,4,2014-03-23
minutes,Planning communication,5,2014-03-07
cover letter,Localization issues,6,2014-01-04
minutes,Planning communication,4,2014-02-14
minutes,Tender letter,3,2014-03-28
cover letter,Contract negotiations,4,2014-03-16
brief document,Commencement notice,4,2014-01-05
cover letter,Planning communication,4,2014-03-08
brief document,Contract negotiations,6,2014-02-19
minutes,Contract negotiations,3,2014-02-26
drawing,Contract negotiations,3,2014-02-25
cover letter,Planning communication,6,2014-01-11
cover letter,Localization issues,4,2014-03-01
official letter,Contract negotiations,3,2014-01-14
drawing,Negotiations,4,2014-02-03
brief document,Commencement notice,2,2014-01-15
official letter,Negotiations,3,2014-01-07
brief document,Planning communication,5,2014-01-14
drawing,Tender letter,4,2014-03-07
cover letter,Localization issues,5,2014-01-19
cover letter,Tender letter,3,2014-03-11
official letter,Contract negotiations,3,2014-03-21
cover letter,Tender letter,2,2014-01-04
official letter,Planning communication,5,2014-01-06
minutes,Planning communication,2,2014-01-07
brief document,Negotiations,6,2014-01-05
minutes,Negotiations,5,2014-02-26
cover letter,Commencement notice,6,2014-01-25
cover letter,Negotiations,4,2014-01-09
official letter,Tender letter,4,2014-02-27
cover letter,Planning communication,5,2014-02-22
minutes,Negotiations,1,2014-02-07
brief document,Localization issues,2,2014-03-11
cover letter,Negotiations,3,2014-03-07
minutes,Contract negotiations,6,2014-01-23
minutes,Contract negotiations,3,2014-01-14
official letter,Planning communication,1,2014-03-14
brief document,Tender letter,4,2014-03-18
minutes,Contract negotiations,3,2014-02-20
drawing,Contract negotiations,1,2014-01-21
brief document,Tender letter,5,2014-02-22
brief document,Negotiations,2,2014-03-21
minutes,Negotiations,4,2014-03-18
brief document,Commencement notice,1,2014-01-22
minutes,Tender letter,3,2014-01-04
official letter,Planning communication,3,2014-03-16
cover letter,Contract negotiations,4,2014-01-03
minutes,Tender letter,2,2014-02-08
official letter,Tender letter,2,2014-03-04
cover letter,Negotiations,5,2014-01-01
brief document,Commencement notice,5,2014-03-18
cover letter,Tender letter,6,2014-02-02
brief document,Tender letter,1,2014-02-18
cover letter,Localization issues,4,2014-01-12
minutes,Commencement notice,1,2014-03-12
brief document,Localization issues,1,2014-01-26
drawing,Tender letter,6,2014-02-13
brief document,Commencement notice,3,2014-03-26
minutes,Commencement notice,3,2014-02-05
minutes,Negotiations,4,2014-02-07
drawing,Localization issues,6,2014-02-09
brief document,Planning communication,6,2014-01-28
brief document,Negotiations,6,2014-03-04
drawing,Contract negotiations,3,2014-01-16
brief document,Localization issues,3,2014-02-20
brief document,Tender letter,4,2014-01-07
cover letter,Commencement notice,2,2014-03-16
official letter,Negotiations,3,2014-01-25
brief document,Commencement notice,1,2014-03-20
minutes,Planning communication,2,2014-03-03
drawing,Contract negotiations,3,2014-01-02
minutes,Localization issues,5,2014-03-16
brief document,Contract negotiations,2,2014-01-06
cover letter,Commencement notice,6,2014-03-15
drawing,Contract negotiations,3,2014-02-06
minutes,Commencement notice,4,2014-02-08
drawing,Planning communication,5,2014-02-24
official letter,Contract negotiations,1,2014-03-01
minutes,Negotiations,5,2014-02-26
drawing,Contract negotiations,3,2014-03-22
official letter,Commencement notice,1,2014-01-11
minutes,Commencement notice,6,2014-03-07
cover letter,Localization issues,3,2014-03-29
official letter,Localization issues,3,2014-01-16
official letter,Tender letter,4,2014-01-07
drawing,Contract negotiations,3,2014-01-04
brief document,Tender letter,6,2014-02-09
brief document,Commencement notice,2,2014-01-12
drawing,Localization issues,2,2014-01-15
minutes,Commencement notice,4,2014-01-10
drawing,Contract negotiations,3,2014-02-20
official letter,Negotiations,3,2014-01-05
drawing,Tender letter,5,2014-02-27
cover letter,Negotiations,6,2014-01-29
minutes,Commencement notice,4,2014-03-15
cover letter,Contract negotiations,3,2014-01-04
official letter,Contract negotiations,4,2014-02-12
official letter,Planning communication,1,2014-03-24
minutes,Commencement notice,4,2014-02-25
cover letter,Negotiations,3,2014-02-16
minutes,Tender letter,5,2014-02-22
brief document,Commencement notice,1,2014-03-27
cover letter,Contract negotiations,5,2014-01-28
cover letter,Tender letter,1,2014-03-02
cover letter,Negotiations,6,2014-02-08
brief document,Negotiations,4,2014-03-06
drawing,Commencement notice,5,2014-03-26
cover letter,Tender letter,2,2014-03-09
brief document,Negotiations,3,2014-02-21
minutes,Negotiations,3,2014-01-06
brief document,Negotiations,1,2014-03-30
official letter,Negotiations,6,2014-03-25
minutes,Negotiations,2,2014-03-27
drawing,Tender letter,1,2014-01-26
minutes,Tender letter,3,2014-01-17
minutes,Negotiations,3,2014-02-18
brief document,Contract negotiations,2,2014-01-30
brief document,Planning communication,3,2014-03-02
official letter,Planning communication,6,2014-01-03
minutes,Commencement notice,6,2014-03-06
official letter,Contract negotiations,1,2014-02-06
minutes,Commencement notice,2,2014-01-26
minutes,Localization issues,1,2014-03-17
cover letter,Contract negotiations,2,2014-02-03
official letter,Tender letter,2,2014-03-21
drawing,Planning communication,1,2014-01-01
brief document,Contract negotiations,1,2014-03-03
official letter,Tender letter,2,2014-02-14
drawing,Planning communication,2,2014-03-13
minutes,Planning communication,6,2014-01-24
minutes,Tender letter,3,2014-03-05
cover letter,Planning communication,2,2014-01-10
cover letter,Localization issues,3,2014-01-14
brief document,Localization issues,1,2014-02-02
minutes,Commencement notice,4,2014-01-02
minutes,Commencement notice,6,2014-03-15
drawing,Localization issues,2,2014-02-24
drawing,Tender letter,4,2014-02-11
drawing,Tender letter,4,2014-03-01
brief document,Negotiations,2,2014-02-22
minutes,Negotiations,4,2014-01-24
minutes,Contract negotiations,1,2014-01-13
cover letter,Planning communication,4,2014-01-24
official letter,Tender letter,6,2014-03-27
drawing,Negotiations,1,2014-01-27
drawing,Negotiations,4,2014-03-10
cover letter,Negotiations,3,2014-01-20
drawing,Localization issues,6,2014-03-03
drawing,Planning communication,5,2014-02-02
official letter,Contract negotiations,5,2014-03-05
drawing,Localization issues,5,2014-03-24
official letter,Commencement notice,1,2014-01-15
cover letter,Commencement notice,2,2014-03-05
official letter,Planning communication,4,2014-03-10
cover letter,Negotiations,2,2014-01-09
cover letter,Planning communication,2,2014-01-14
drawing,Negotiations,1,2014-02-22
brief document,Negotiations,5,2014-01-10
brief document,Negotiations,2,2014-01-21
brief document,Tender letter,1,2014-03-14
brief document,Contract negotiations,4,2014-03-27
brief document,Tender letter,2,2014-03-20
drawing,Localization issues,3,2014-03-03
cover letter,Contract negotiations,1,2014-03-04
brief document,Contract negotiations,2,2014-03-30
cover letter,Negotiations,2,2014-03-17
brief document,Negotiations,4,2014-02-21
official letter,Contract negotiations,1,2014-01-20
official letter,Tender letter,3,2014-02-21
cover letter,Localization issues,5,2014-01-04
official letter,Planning communication,2,2014-01-23
minutes,Negotiations,3,2014-01-17
minutes,Commencement notice,2,2014-01-30
minutes,Commencement notice,3,2014-03-13
brief document,Localization issues,2,2014-02-26
official letter,Negotiations,5,2014-01-08
official letter,Tender letter,6,2014-02-26
minutes,Commencement notice,6,2014-02-03
official letter,Contract negotiations,6,2014-01-07
cover letter,Negotiations,4,2014-02-06
cover letter,Commencement notice,2,2014-01-16
minutes,Tender letter,2,2014-03-22
cover letter,Planning communication,4,2014-03-15
official letter,Localization issues,1,2014-03-24
minutes,Planning communication,6,2014-02-28
drawing,Localization issues,2,2014-01-27
brief document,Localization issues,6,2014-02-21
cover letter,Tender letter,2,2014-02-06
minutes,Localization issues,3,2014-02-14
brief document,Commencement notice,5,2014-02-24
official letter,Negotiations,1,2014-03-05
minutes,Contract negotiations,5,2014-01-09
minutes,Commencement notice,1,2014-02-26
minutes,Commencement notice,4,2014-01-05
minutes,Tender letter,3,2014-01-02
cover letter,Contract negotiations,6,2014-03-30
official letter,Localization issues,5,2014-01-16
drawing,Tender letter,5,2014-01-19
cover letter,Negotiations,2,2014-01-05
brief document,Localization issues,5,2014-03-07
official letter,Negotiations,6,2014-02-27
brief document,Commencement notice,2,2014-02-15
cover letter,Localization issues,2,2014-02-06
cover letter,Planning communication,6,2014-03-20
minutes,Tender letter,6,2014-03-04
cover letter,Negotiations,1,2014-03-16
official letter,Tender letter,3,2014-01-30
official letter,Planning communication,2,2014-02-20
cover letter,Planning communication,5,2014-02-02
minutes,Planning communication,4,2014-02-01
cover letter,Tender letter,5,2014-02-26
brief document,Localization issues,4,2014-01-30
cover letter,Contract negotiations,3,2014-01-03
official letter,Contract negotiations,5,2014-03-15
cover letter,Localization issues,4,2014-03-05
drawing,Localization issues,6,2014-01-26
official letter,Negotiations,4,2014-03-20
minutes,Negotiations,4,2014-01-16
cover letter,Planning communication,6,2014-02-06
official letter,Negotiations,4,2014-02-21
minutes,Negotiations,5,2014-02-23
official letter,Planning communication,1,2014-02-28
brief document,Commencement notice,3,2014-02-23
minutes,Contract negotiations,2,2014-02-21
brief document,Tender letter,2,2014-01-11
brief document,Planning communication,1,2014-01-17
drawing,Contract negotiations,6,2014-03-08
official letter,Contract negotiations,1,2014-02-10
minutes,Contract negotiations,1,2014-03-18
drawing,Planning communication,1,2014-01-10
official letter,Contract negotiations,3,2014-02-12
official letter,Negotiations,1,2014-02-28
official letter,Tender letter,5,2014-02-18
official letter,Tender letter,1,2014-02-06
cover letter,Localization issues,2,2014-01-18
minutes,Localization issues,1,2014-01-13
drawing,Negotiations,5,2014-02-14
drawing,Negotiations,5,2014-02-28
minutes,Contract negotiations,4,2014-01-26
cover letter,Contract negotiations,2,2014-02-02
cover letter,Contract negotiations,2,2014-01-07
official letter,Planning communication,4,2014-03-06
cover letter,Planning communication,3,2014-02-01
minutes,Contract negotiations,1,2014-02-06
official letter,Negotiations,2,2014-01-19
brief document,Tender letter,6,2014-02-20
minutes,Localization issues,5,2014-02-20
drawing,Contract negotiations,2,2014-01-07
brief document,Tender letter,4,2014-02-06
official letter,Commencement notice,3,2014-01-19
official letter,Tender letter,3,2014-03-08
minutes,Negotiations,6,2014-02-08
minutes,Tender letter,3,2014-01-18
brief document,Planning communication,4,2014-03-14
drawing,Tender letter,4,2014-01-29
drawing,Contract negotiations,4,2014-01-10
brief document,Planning communication,6,2014-03-23
minutes,Tender letter,6,2014-01-16
minutes,Contract negotiations,2,2014-01-11
cover letter,Tender letter,6,2014-01-27
brief document,Tender letter,3,2014-02-03
cover letter,Commencement notice,5,2014-02-03
official letter,Contract negotiations,3,2014-02-14
brief document,Tender letter,4,2014-01-15
brief document,Localization issues,1,2014-03-27
drawing,Localization issues,2,2014-01-15
official letter,Tender letter,6,2014-01-29
cover letter,Commencement notice,2,2014-03-02
brief document,Commencement notice,6,2014-01-14
minutes,Commencement notice,2,2014-02-06
official letter,Tender letter,4,2014-01-02
brief document,Commencement notice,1,2014-03-06
drawing,Commencement notice,1,2014-01-28
minutes,Negotiations,1,2014-03-05
minutes,Commencement notice,6,2014-03-17
cover letter,Negotiations,4,2014-02-19
minutes,Contract negotiations,2,2014-01-19
official letter,Tender letter,6,2014-01-23
cover letter,Negotiations,6,2014-02-14
drawing,Commencement notice,5,2014-01-13
drawing,Negotiations,3,2014-01-27
brief document,Commencement notice,4,2014-01-02
cover letter,Tender letter,5,2014-02-08
drawing,Planning communication,5,2014-02-12
cover letter,Planning communication,3,2014-01-18
minutes,Commencement notice,3,2014-02-10
cover letter,Planning communication,3,2014-01-06
official letter,Planning communication,5,2014-02-20
official letter,Commencement notice,4,2014-03-30
official letter,Localization issues,5,2014-02-23
cover letter,Localization issues,1,2014-01-02
minutes,Contract negotiations,3,2014-01-02
drawing,Planning communication,4,2014-01-12
cover letter,Planning communication,2,2014-03-20
minutes,Negotiations,1,2014-01-05
cover letter,Localization issues,1,2014-02-10
cover letter,Localization issues,3,2014-02-08
official letter,Negotiations,6,2014-02-13
minutes,Planning communication,1,2014-02-26
cover letter,Tender letter,3,2014-03-07
official letter,Commencement notice,5,2014-01-13
official letter,Localization issues,5,2014-03-10
drawing,Commencement notice,1,2014-02-25
drawing,Contract negotiations,4,2014-01-12
official letter,Contract negotiations,3,2014-02-03
cover letter,Tender letter,4,2014-01-19
official letter,Commencement notice,6,2014-01-20
cover letter,Commencement notice,1,2014-02-10
cover letter,Tender letter,2,2014-01-03
brief document,Negotiations,5,2014-03-26
drawing,Planning communication,5,2014-02-20
brief document,Planning communication,5,2014-03-03
cover letter,Commencement notice,6,2014-01-29
drawing,Contract negotiations,2,2014-01-18
official letter,Tender letter,5,2014-03-23
brief document,Commencement notice,4,2014-02-04
drawing,Planning communication,5,2014-01-28
drawing,Planning communication,2,2014-01-19
drawing,Contract negotiations,4,2014-01-13
brief document,Localization issues,3,2014-01-24
cover letter,Commencement notice,1,2014-02-26
drawing,Localization issues,1,2014-01-08
minutes,Negotiations,5,2014-03-19
drawing,Contract negotiations,4,2014-02-09
cover letter,Localization issues,1,2014-02-24
minutes,Commencement notice,2,2014-02-21
cover letter,Contract negotiations,1,2014-03-12
official letter,Negotiations,4,2014-03-28
minutes,Contract negotiations,4,2014-02-02
drawing,Tender letter,1,2014-02-26
brief document,Commencement notice,6,2014-03-22
drawing,Negotiations,6,2014-03-19
official letter,Localization issues,1,2014-03-20
official letter,Contract negotiations,6,2014-03-17
brief document,Commencement notice,6,2014-03-05
official letter,Contract negotiations,3,2014-03-29
minutes,Commencement notice,3,2014-01-04
brief document,Planning communication,4,2014-02-26
cover letter,Tender letter,3,2014-02-21
drawing,Planning communication,6,2014-03-26
cover letter,Commencement notice,1,2014-02-25
cover letter,Planning communication,2,2014-01-04
minutes,Commencement notice,1,2014-01-24
cover letter,Planning communication,5,2014-03-29
minutes,Contract negotiations,5,2014-01-08
minutes,Planning communication,4,2014-02-08
drawing,Contract negotiations,6,2014-01-25
drawing,Tender letter,4,2014-02-15
official letter,Contract negotiations,5,2014-02-23
brief document,Tender letter,6,2014-01-23
cover letter,Contract negotiations,2,2014-03-19
brief document,Contract negotiations,5,2014-03-25
cover letter,Contract negotiations,5,2014-02-26
cover letter,Tender letter,3,2014-02-13
official letter,Tender letter,2,2014-02-24
minutes,Tender letter,2,2014-03-29
brief document,Contract negotiations,4,2014-03-30
cover letter,Localization issues,1,2014-01-01
minutes,Negotiations,4,2014-03-26
official letter,Negotiations,2,2014-03-03
brief document,Planning communication,3,2014-01-28
brief document,Negotiations,4,2014-01-30
minutes,Tender letter,2,2014-03-26
brief document,Tender letter,6,2014-02-19
minutes,Commencement notice,1,2014-02-05
official letter,Contract negotiations,4,2014-03-28
official letter,Commencement notice,1,2014-03-08
cover letter,Planning communication,3,2014-01-15
minutes,Negotiations,3,2014-02-24
cover letter,Localization issues,2,2014-01-11
drawing,Negotiations,5,2014-03-29
cover letter,Commencement notice,1,2014-01-16
drawing,Contract negotiations,6,2014-03-04
drawing,Tender letter,5,2014-03-14
cover letter,Planning communication,3,2014-01-28
official letter,Contract negotiations,4,2014-01-12
cover letter,Localization issues,6,2014-02-03
brief document,Localization issues,1,2014-01-30
drawing,Localization issues,6,2014-02-04
drawing,Contract negotiations,2,2014-03-08
drawing,Planning communication,1,2014-03-14
official letter,Localization issues,5,2014-03-03
drawing,Commencement notice,5,2014-01-23
drawing,Negotiations,4,2014-01-23
drawing,Localization issues,5,2014-01-04
brief document,Contract negotiations,5,2014-03-06
brief document,Negotiations,3,2014-01-24
minutes,Contract negotiations,5,2014-01-27
drawing,Negotiations,1,2014-01-08
official letter,Planning communication,6,2014-03-27
drawing,Negotiations,1,2014-03-17
cover letter,Commencement notice,2,2014-03-13
brief document,Localization issues,1,2014-02-13
cover letter,Contract negotiations,5,2014-03-10
brief document,Tender letter,6,2014-02-21
official letter,Negotiations,1,2014-01-22
drawing,Planning communication,1,2014-02-24
drawing,Localization issues,4,2014-01-18
official letter,Localization issues,3,2014-02-04
cover letter,Planning communication,4,2014-01-29
minutes,Tender letter,5,2014-02-23
brief document,Localization issues,2,2014-01-10
brief document,Planning communication,2,2014-01-16
minutes,Tender letter,2,2014-01-10
minutes,Negotiations,6,2014-02-24
cover letter,Localization issues,2,2014-01-27
official letter,Commencement notice,4,2014-03-15
minutes,Contract negotiations,4,2014-01-20
official letter,Commencement notice,4,2014-01-07
minutes,Planning communication,1,2014-02-17
drawing,Negotiations,5,2014-01-22
official letter,Contract negotiations,5,2014-02-27
brief document,Tender letter,1,2014-02-20
official letter,Tender letter,6,2014-02-05
drawing,Contract negotiations,2,2014-01-17
drawing,Tender letter,3,2014-03-02
minutes,Tender letter,3,2014-03-12
official letter,Negotiations,1,2014-02-26
official letter,Tender letter,6,2014-02-05
minutes,Tender letter,2,2014-01-19
cover letter,Contract negotiations,2,2014-02-27
minutes,Planning communication,6,2014-01-26
brief document,Planning communication,1,2014-01-22
drawing,Negotiations,6,2014-02-12
cover letter,Localization issues,6,2014-01-01
minutes,Negotiations,2,2014-02-14
official letter,Tender letter,6,2014-02-01
minutes,Commencement notice,2,2014-02-25
official letter,Tender letter,4,2014-02-25
minutes,Negotiations,1,2014-01-24
drawing,Contract negotiations,6,2014-03-17
minutes,Negotiations,4,2014-01-15
drawing,Contract negotiations,5,2014-02-15
cover letter,Planning communication,5,2014-01-18
minutes,Tender letter,3,2014-02-12
official letter,Negotiations,6,2014-02-22
official letter,Commencement notice,4,2014-01-27
brief document,Tender letter,6,2014-02-22
cover letter,Tender letter,4,2014-02-25
drawing,Negotiations,1,2014-03-06
cover letter,Tender letter,3,2014-02-20
cover letter,Negotiations,5,2014-03-24
brief document,Localization issues,3,2014-01-02
minutes,Localization issues,2,2014-03-09
drawing,Contract negotiations,5,2014-01-17
cover letter,Negotiations,2,2014-01-18
brief document,Tender letter,5,2014-02-23
brief document,Contract negotiations,2,2014-01-21
brief document,Commencement notice,3,2014-02-17
drawing,Tender letter,4,2014-02-27
drawing,Planning communication,1,2014-02-01
official letter,Contract negotiations,2,2014-03-09
brief document,Planning communication,1,2014-03-21
brief document,Planning communication,6,2014-03-19
cover letter,Contract negotiations,3,2014-02-12
drawing,Tender letter,3,2014-02-01
minutes,Contract negotiations,6,2014-03-20
drawing,Commencement notice,4,2014-01-11
minutes,Tender letter,2,2014-01-28
cover letter,Commencement notice,2,2014-03-04
official letter,Contract negotiations,6,2014-02-04
official letter,Negotiations,1,2014-03-23
drawing,Contract negotiations,5,2014-03-30
brief document,Negotiations,2,2014-03-20
minutes,Planning communication,1,2014-01-17
brief document,Planning communication,3,2014-03-03
brief document,Commencement notice,2,2014-01-26
brief document,Tender letter,1,2014-01-26
brief document,Commencement notice,2,2014-02-25
cover letter,Planning communication,5,2014-02-14
official letter,Negotiations,2,2014-01-12
official letter,Commencement notice,5,2014-02-12
cover letter,Contract negotiations,3,2014-02-14
minutes,Negotiations,1,2014-01-03
minutes,Localization issues,1,2014-03-14
minutes,Planning communication,2,2014-03-04
drawing,Tender letter,3,2014-03-12
minutes,Commencement notice,5,2014-02-27
minutes,Contract negotiations,3,2014-01-18
drawing,Planning communication,5,2014-02-08
minutes,Negotiations,4,2014-01-28
minutes,Tender letter,1,2014-01-10
official letter,Negotiations,5,2014-02-10
brief document,Commencement notice,1,2014-02-16
brief document,Contract negotiations,6,2014-03-27
drawing,Tender letter,4,2014-01-01
brief document,Commencement notice,5,2014-02-06
minutes,Tender letter,1,2014-01-27
drawing,Contract negotiations,5,2014-01-28
brief document,Planning communication,5,2014-01-18
brief document,Commencement notice,4,2014-01-02
brief document,Tender letter,6,2014-01-13
drawing,Negotiations,4,2014-02-10
brief document,Negotiations,5,2014-03-26
minutes,Commencement notice,1,2014-01-06
minutes,Commencement notice,2,2014-01-20
brief document,Negotiations,4,2014-01-18
minutes,Planning communication,1,2014-02-13
brief document,Localization issues,1,2014-03-30
minutes,Planning communication,3,2014-01-09
official letter,Localization issues,1,2014-01-09
minutes,Commencement notice,2,2014-02-04
minutes,Commencement notice,1,2014-03-21
cover letter,Tender letter,2,2014-01-10
official letter,Localization issues,5,2014-02-06
minutes,Tender letter,4,2014-02-13
official letter,Planning communication,4,2014-02-11
drawing,Planning communication,4,2014-03-15
brief document,Contract negotiations,6,2014-02-16
brief document,Negotiations,3,2014-01-04
brief document,Localization issues,1,2014-03-18
cover letter,Planning communication,2,2014-01-08
official letter,Negotiations,1,2014-01-21
brief document,Negotiations,3,2014-03-08
brief document,Commencement notice,5,2014-01-17
minutes,Tender letter,5,2014-02-12
official letter,Tender letter,4,2014-02-12
drawing,Negotiations,3,2014-01-11
brief document,Negotiations,5,2014-03-20
official letter,Contract negotiations,5,2014-01-20
drawing,Localization issues,5,2014-01-04
minutes,Negotiations,5,2014-01-15
drawing,Localization issues,4,2014-02-15
minutes,Commencement notice,2,2014-01-28
official letter,Contract negotiations,6,2014-01-27
official letter,Contract negotiations,1,2014-03-23
official letter,Contract negotiations,6,2014-03-21
cover letter,Planning communication,3,2014-03-18
official letter,Negotiations,2,2014-02-19
official letter,Contract negotiations,3,2014-01-17
minutes,Contract negotiations,3,2014-01-14
minutes,Planning communication,3,2014-03-16
brief document,Planning communication,5,2014-01-17
drawing,Localization issues,4,2014-03-17
cover letter,Commencement notice,5,2014-02-22
official letter,Negotiations,6,2014-01-04
drawing,Commencement notice,3,2014-02-20
cover letter,Contract negotiations,1,2014-01-19
official letter,Planning communication,6,2014-02-04
minutes,Negotiations,4,2014-03-26
brief document,Negotiations,1,2014-03-11
cover letter,Negotiations,6,2014-01-23
official letter,Negotiations,1,2014-01-10
cover letter,Negotiations,1,2014-02-08
minutes,Negotiations,6,2014-03-09
minutes,Planning communication,2,2014-02-19
cover letter,Localization issues,4,2014-01-16
brief document,Negotiations,5,2014-02-22
official letter,Contract negotiations,5,2014-02-26
official letter,Tender letter,5,2014-02-03
official letter,Contract negotiations,3,2014-01-17
minutes,Localization issues,6,2014-03-04
drawing,Planning communication,4,2014-01-13
minutes,Planning communication,3,2014-02-14
drawing,Commencement notice,1,2014-02-21
drawing,Tender letter,2,2014-03-26
brief document,Planning communication,1,2014-03-30
brief document,Contract negotiations,3,2014-03-09
official letter,Commencement notice,6,2014-01-22
brief document,Localization issues,5,2014-01-24
official letter,Tender letter,5,2014-03-15
drawing,Contract negotiations,5,2014-02-27
drawing,Tender letter,6,2014-01-14
minutes,Negotiations,6,2014-01-09
official letter,Planning communication,3,2014-03-15
brief document,Tender letter,5,2014-03-02
official letter,Commencement notice,2,2014-01-15
cover letter,Commencement notice,2,2014-01-13
minutes,Negotiations,3,2014-01-01
drawing,Commencement notice,4,2014-01-01
cover letter,Contract negotiations,5,2014-03-06
drawing,Planning communication,3,2014-01-04
official letter,Contract negotiations,3,2014-01-29
cover letter,Tender letter,2,2014-01-24
brief document,Negotiations,1,2014-01-28
brief document,Localization issues,5,2014-02-13
drawing,Planning communication,5,2014-03-29
cover letter,Commencement notice,6,2014-03-17
cover letter,Negotiations,6,2014-01-27
drawing,Contract negotiations,4,2014-03-01
brief document,Localization issues,5,2014-02-07
official letter,Localization issues,6,2014-02-17
cover letter,Tender letter,2,2014-01-10
drawing,Commencement notice,4,2014-01-09
brief document,Commencement notice,2,2014-01-19
official letter,Commencement notice,5,2014-01-17
drawing,Planning communication,5,2014-02-19
brief document,Negotiations,6,2014-02-06
brief document,Planning communication,1,2014-01-30
minutes,Contract negotiations,5,2014-02-21
cover letter,Negotiations,6,2014-02-11
official letter,Negotiations,6,2014-01-15
official letter,Planning communication,1,2014-03-28
minutes,Commencement notice,5,2014-02-06
official letter,Negotiations,5,2014-03-11
cover letter,Negotiations,2,2014-02-14
brief document,Commencement notice,5,2014-02-12
official letter,Commencement notice,4,2014-02-04
minutes,Localization issues,1,2014-02-02
official letter,Localization issues,5,2014-01-08
brief document,Tender letter,2,2014-03-02
official letter,Contract negotiations,5,2014-03-24
minutes,Negotiations,4,2014-03-03
minutes,Localization issues,2,2014-01-02
cover letter,Localization issues,5,2014-01-18
minutes,Localization issues,2,2014-01-29
minutes,Tender letter,6,2014-01-13
cover letter,Planning communication,5,2014-02-10
cover letter,Commencement notice,3,2014-02-19
cover letter,Localization issues,1,2014-01-21
minutes,Localization issues,3,2014-01-21
brief document,Tender letter,6,2014-02-08
brief document,Tender letter,6,2014-02-24
brief document,Contract negotiations,6,2014-03-24
cover letter,Commencement notice,2,2014-02-15
cover letter,Localization issues,5,2014-02-26
cover letter,Localization issues,3,2014-03-26
drawing,Planning communication,3,2014-01-01
drawing,Tender letter,2,2014-01-05
official letter,Localization issues,1,2014-01-05
brief document,Negotiations,3,2014-02-23
minutes,Localization issues,6,2014-03-11
drawing,Contract negotiations,3,2014-01-27
drawing,Negotiations,4,2014-03-13
minutes,Negotiations,6,2014-03-11
brief document,Contract negotiations,3,2014-02-15
brief document,Localization issues,2,2014-01-11
drawing,Negotiations,6,2014-01-07
brief document,Negotiations,5,2014-01-09
cover letter,Localization issues,2,2014-03-22
brief document,Localization issues,3,2014-02-19
brief document,Planning communication,4,2014-01-27
official letter,Tender letter,4,2014-02-21
minutes,Negotiations,3,2014-03-12
brief document,Localization issues,4,2014-02-17
drawing,Planning communication,5,2014-02-08
minutes,Tender letter,6,2014-03-19
official letter,Contract negotiations,1,2014-03-13
official letter,Planning communication,1,2014-01-13
brief document,Tender letter,1,2014-03-10
drawing,Planning communication,1,2014-02-07
cover letter,Commencement notice,5,2014-01-05
cover letter,Localization issues,4,2014-01-12
minutes,Negotiations,3,2014-02-17
cover letter,Commencement notice,5,2014-02-23
drawing,Negotiations,5,2014-01-11
official letter,Commencement notice,3,2014-02-13
cover letter,Contract negotiations,1,2014-03-17
official letter,Negotiations,6,2014-02-15
brief document,Negotiations,5,2014-03-04
brief document,Planning communication,6,2014-02-21
drawing,Localization issues,1,2014-02-08
drawing,Tender letter,2,2014-02-14
cover letter,Planning communication,4,2014-02-27
official letter,Contract negotiations,6,2014-01-25
official letter,Tender letter,1,2014-01-28
official letter,Commencement notice,5,2014-02-05
minutes,Commencement notice,4,2014-03-14
official letter,Planning communication,3,2014-03-10
brief document,Tender letter,6,2014-01-26
official letter,Planning communication,2,2014-02-12
drawing,Commencement notice,2,2014-02-19
brief document,Tender letter,5,2014-01-20
drawing,Commencement notice,5,2014-03-26
official letter,Localization issues,3,2014-01-04
cover letter,Contract negotiations,6,2014-02-06
official letter,Contract negotiations,5,2014-02-06
drawing,Planning communication,5,2014-03-04
official letter,Localization issues,6,2014-01-23
cover letter,Negotiations,6,2014-03-17
drawing,Localization issues,4,2014-03-18
drawing,Negotiations,2,2014-01-04
cover letter,Tender letter,5,2014-03-28
minutes,Contract negotiations,2,2014-01-14
drawing,Negotiations,1,2014-03-13
drawing,Negotiations,6,2014-03-09
drawing,Contract negotiations,4,2014-02-19
official letter,Planning communication,6,2014-03-25
cover letter,Localization issues,3,2014-03-18
official letter,Localization issues,6,2014-02-19
official letter,Contract negotiations,3,2014-03-20
official letter,Contract negotiations,2,2014-01-21
drawing,Localization issues,1,2014-03-18
minutes,Negotiations,4,2014-02-24
brief document,Planning communication,1,2014-01-18
minutes,Localization issues,4,2014-03-17
minutes,Contract negotiations,3,2014-01-01
minutes,Localization issues,2,2014-01-11
cover letter,Planning communication,6,2014-03-05
official letter,Planning communication,6,2014-03-21
cover letter,Planning communication,2,2014-01-16
cover letter,Tender letter,3,2014-02-05
minutes,Contract negotiations,1,2014-02-06